{"tags":[{"ID":0,"pose":{"translation":{"x":0.0,"y":0.0,"z":0.0},"rotation":{"quaternion":{"W":1.0,"X":0.0,"Y":0.0,"Z":0.0}}}},{"ID":1,"pose":{"translation":{"x":0.5018440251041788,"y":-0.18639223376320624,"z":-0.5781606434110549},"rotation":{"quaternion":{"W":0.9851678878189755,"X":-0.044425619104323265,"Y":-0.0579786229211401,"Z":-0.15527097752530764}}}},{"ID":2,"pose":{"translation":{"x":0.61633309897066,"y":0.5723329428601227,"z":-0.6208408882496743},"rotation":{"quaternion":{"W":0.9275996815732466,"X":-0.12402760475363793,"Y":-0.11828303352952543,"Z":-0.3319414225181009}}}}],"field":{"length":8.2296,"width":4.1148}}